time-pyr1[s],Pyr-1[C],time-pyr2[s],Pyr-2[C],time-tc4[s],TC-4[C]
4.559,956.04,3.948,750.38,-9.9505,21.10036453
4.749,957.95,4.088,769.22,-9.8505,21.08688658
4.889,959.84,4.182,788.02,-9.7505,21.09316788
5.079,961.31,4.275,806.89,-9.6505,21.07876366
5.279,962.84,4.369,825.41,-9.5505,21.09592844
5.499,1115.74,4.463,843.56,-9.4505,21.09400677
5.669,1117.59,5.383,1088.53,-9.3505,21.0698844
5.839,1119.62,5.477,1090.06,-9.2505,21.07985392
6.009,1121.35,5.57,1091.24,-9.1505,21.08420479
6.149,1123.29,5.664,1092.79,-9.0505,21.07911001
7.039,1295.08,5.757,1093.72,-8.9505,21.08578516
7.199,1295.07,5.851,1163.91,-8.8505,21.10103806
7.399,1295.67,5.945,1164.86,-8.7505,21.07465351
7.539,1295.81,6.038,1165.95,-8.6505,21.09308521
7.709,1295.92,6.132,1167.04,-8.5505,21.09676748
7.879,1352.19,6.225,1168.24,-8.4505,21.09944794
8.039,1352.4,6.335,1219.95,-8.3505,21.09048628
8.199,1352.48,6.428,1220.95,-8.2505,21.09718309
8.379,1352.96,6.522,1221.74,-8.1505,21.10028915
8.539,1353.19,6.615,1222.41,-8.0505,21.10070486
8.739,1378.04,6.709,1223.17,-7.9505,21.10271204
8.879,1378.02,6.818,1263.46,-7.8505,21.10029154
9.039,1378.09,6.912,1264.1,-7.7505,21.09701656
9.179,1378.15,7.005,1264.65,-7.6505,21.09023691
9.319,1378.06,7.099,1265.24,-7.5505,21.09676973
9.539,1375.44,7.193,1265.82,-7.4505,21.09802671
9.679,1375.46,8.097,1349.46,-7.3505,21.09375502
9.829,1375.45,8.191,1349.57,-7.2505,21.0814526
9.999,1375.54,8.285,1349.43,-7.1505,21.08973843
10.149,1375.48,8.378,1349.56,-7.0505,21.09265837
10.319,1367.9,8.472,1349.91,-6.9505,21.08320076
10.489,1367.87,8.565,1358.9,-6.8505,21.08755278
10.679,1368.01,8.659,1358.63,-6.7505,21.05866274
10.849,1367.72,8.753,1358.81,-6.6505,21.1022986
11.019,1367.74,8.846,1358.99,-6.5505,21.09441753
11.209,1356.44,8.94,1358.82,-6.4505,21.07808886
11.389,1356.6,9.033,1359.59,-6.3505,21.11092365
11.549,1356.74,9.127,1359.54,-6.2505,21.08931061
11.739,1356.37,9.221,1359.37,-6.1505,21.08839508
11.909,1356.13,9.314,1359.55,-6.0505,21.08655596
12.079,1344.13,9.408,1359.43,-5.9505,21.07398489
12.239,1343.84,9.501,1356.61,-5.8505,21.08512503
12.389,1343.75,9.595,1356.78,-5.7505,21.07951488
12.579,1343.82,9.689,1356.75,-5.6505,21.07440786
12.749,1343.64,9.782,1356.76,-5.5505,21.07348389
12.889,1331.85,9.876,1356.65,-5.4505,21.09742867
13.059,1331.58,9.969,1352.41,-5.3505,21.1001251
13.229,1331.74,10.063,1352.45,-5.2505,21.08647203
13.359,1331.47,10.157,1352.33,-5.1505,21.10304625
13.499,1331.26,10.25,1352.22,-5.0505,21.09567827
13.689,1318.86,10.344,1352.62,-4.9505,21.07265139
13.859,1319.01,10.437,1347.21,-4.8505,21.07835032
14.029,1318.72,10.531,1347.24,-4.7505,21.08798071
14.169,1319.05,10.625,1346.87,-4.6505,21.09533901
14.339,1318.77,10.718,1346.86,-4.5505,21.09341467
14.479,1306.92,10.812,1347.09,-4.4505,21.09316545
14.639,1306.47,10.905,1341.46,-4.3505,21.07858841
14.779,1306.44,10.999,1341.59,-4.2505,21.08537308
14.919,1306.52,11.093,1341.24,-4.1505,21.08855795
15.059,1306.4,11.186,1341.18,-4.0505,21.08898352
15.249,1294.27,11.28,1341.49,-3.9505,21.09928024
15.389,1294.23,11.373,1335.31,-3.8505,21.10337814
15.529,1294.31,11.467,1335.32,-3.7505,21.09174196
15.679,1294.08,11.561,1335,-3.6505,21.08839872
15.859,1294.31,11.654,1335.14,-3.5505,21.09207987
15.999,1282.44,11.748,1335.05,-3.4505,21.08847912
16.139,1282.23,11.841,1328.3,-3.3505,21.09542522
16.279,1281.91,11.935,1328.42,-3.2505,21.07306938
16.479,1281.78,12.029,1328.45,-3.1505,21.08881454
16.669,1281.72,12.122,1328.44,-3.0505,21.07039379
17.009,1266.49,12.216,1328.24,-2.9505,21.07975801
17.179,1266.4,12.309,1321.48,-2.8505,21.06955378
17.339,1266.16,12.403,1321.76,-2.7505,21.07265247
17.519,1266.32,12.497,1321.46,-2.6505,21.07465944
17.699,1265.98,12.59,1321.51,-2.5505,21.07490858
17.879,1252.51,12.684,1321.7,-2.4505,21.07692297
18.069,1252.27,12.777,1314.74,-2.3505,21.0782518
18.229,1252.25,12.871,1314.41,-2.2505,21.07725605
18.399,1252.49,12.965,1314.15,-2.1505,21.06745308
18.589,1252.11,13.058,1314.54,-2.0505,21.09349863
18.759,1238.28,13.152,1314.5,-1.9505,21.08713457
18.899,1238.6,13.245,1307.31,-1.8505,21.08596027
19.069,1238.26,13.339,1307.54,-1.7505,21.08295269
19.239,1238.26,13.433,1307.35,-1.6505,21.08613279
19.399,1238.31,13.526,1307.18,-1.5505,21.07072321
19.569,1226.12,13.62,1307.29,-1.4505,21.07600163
19.739,1226.16,13.713,1299.9,-1.3505,21.09015318
19.899,1225.98,13.807,1299.84,-1.2505,21.07817522
20.099,1225.67,13.901,1300.04,-1.1505,21.09040228
20.249,1225.6,13.994,1300.06,-1.0505,21.08295147
20.429,1213.21,14.088,1299.79,-0.9505,21.10104164
20.599,1213.06,14.384,1289.99,-0.8505,21.1061438
20.799,1213,14.478,1289.77,-0.7505,21.10757339
20.989,1212.81,14.571,1289.72,-0.6505,21.09048723
21.169,1212.61,14.665,1289.59,-0.5505,21.08513123
21.379,1198.87,14.759,1289.64,-0.4505,21.08462055
21.559,1198.57,14.868,1282.28,-0.3505,21.07264887
21.709,1198.18,14.961,1281.86,-0.2505,21.08554583
21.889,1198.4,15.055,1281.87,-0.1505,21.08738871
22.049,1198.43,15.149,1282.01,-0.0505,21.09090317
22.239,1186.27,15.242,1281.51,0.0495,21.09375252
22.419,1186.11,15.336,1274.65,0.1495,21.09300606
22.629,1185.84,15.429,1274.61,0.2495,21.06678825
22.799,1186.16,15.523,1274.69,0.3495,21.10246155
22.979,1185.92,15.617,1274.55,0.4495,21.09635046
23.159,1173.22,15.71,1274.42,0.5495,21.08596029
23.329,1173.32,15.804,1267.39,0.6495,21.10480894
23.529,1173.12,15.897,1267.28,0.7495,21.09232536
23.689,1173.11,15.991,1267.26,0.8495,21.07742256
23.869,1173.11,16.085,1267.05,0.9495,21.0978554
24.229,1157.98,16.178,1267.02,1.0495,21.1068111
24.369,1158,16.272,1259.61,1.1495,21.09668476
24.539,1157.82,16.365,1259.72,1.2495,21.10606222
24.669,1157.81,16.459,1259.75,1.3495,21.11126518
24.859,1157.44,16.553,1259.62,1.4495,21.11661545
25.029,1146.63,16.646,1259.72,1.5495,21.11686815
25.179,1146.72,16.74,1252.29,1.6495,21.15680737
25.369,1146.33,16.833,1252.42,1.7495,21.19834972
25.559,1146.36,16.927,1252.14,1.8495,21.28517786
25.749,1146.16,17.021,1252.08,1.9495,21.40158506
25.959,1133.18,17.114,1252.2,2.0495,21.63422596
26.119,1132.72,17.208,1244.97,2.1495,22.0237796
26.339,1132.93,17.301,1244.85,2.2495,22.63953484
26.559,1132.81,17.395,1244.98,2.3495,23.6557254
26.729,1132.34,17.489,1244.23,2.4495,25.36374113
26.919,1118.69,17.582,1244.57,2.5495,28.19293272
27.099,1118.59,17.676,1237.89,2.6495,32.90026445
27.289,1118.68,17.769,1237.53,2.7495,40.7866851
27.449,1118.58,17.863,1237.52,2.8495,53.62304417
27.599,1118.25,17.957,1237.42,2.9495,72.14677341
27.769,1106.41,18.05,1237.31,3.0495,97.24472145
27.949,1106.32,18.144,1230.19,3.1495,132.0360183
28.149,1106.08,18.237,1229.96,3.2495,173.8393517
28.339,1105.94,18.331,1230.12,3.3495,218.9762218
28.489,1105.84,18.425,1230.27,3.4495,268.8803795
28.689,1092.98,18.518,1230.05,3.5495,323.2371164
28.879,1093.11,18.612,1223.3,3.6495,376.4963068
29.079,1092.54,18.705,1222.83,3.7495,425.5562106
29.289,1092.67,18.799,1223.01,3.8495,470.3263828
29.489,1092.58,18.893,1222.69,3.9495,511.3309937
29.649,1079.45,18.986,1222.63,4.0495,549.0631342
29.819,1079.07,19.08,1215.78,4.1495,583.6971594
29.989,1079.23,19.173,1215.69,4.2495,614.6244226
30.159,1078.99,19.267,1215.75,4.3495,642.0690582
30.299,1078.97,19.361,1215.38,4.4495,666.1438922
30.499,1067.12,19.454,1215.55,4.5495,686.8454437
30.679,1067.12,19.548,1208.66,4.6495,704.7673657
30.879,1067.13,19.641,1208.45,4.7495,720.8973895
31.069,1066.93,19.735,1208.45,4.8495,736.4492108
31.239,1066.85,19.829,1208.25,4.9495,752.5144745
31.469,1053.77,19.922,1208.34,5.0495,770.6494843
31.629,1053.5,20.016,1201.03,5.1495,790.3938007
31.809,1053.49,20.109,1201.36,5.2495,810.2970435
31.989,1053.33,20.203,1200.99,5.3495,830.9306519
32.159,1053.13,20.297,1201.28,5.4495,853.1328888
32.499,1040.17,20.39,1201.36,5.5495,876.4513031
32.639,1040.39,20.484,1194.41,5.6495,898.3432147
32.809,1040.02,20.577,1194.27,5.7495,917.046756
32.999,1039.72,20.671,1194.55,5.8495,933.6637115
33.139,1039.72,20.765,1193.98,5.9495,952.6975488
33.359,1028.82,20.858,1193.93,6.0495,973.8889178
33.549,1028.75,21.155,1184.64,6.1495,1002.101818
33.749,1028.39,21.248,1184.75,6.2495,1037.169011
33.939,1028.28,21.342,1184.37,6.3495,1065.126594
34.119,1028.31,21.435,1184.35,6.4495,1082.007456
34.309,1016.38,21.529,1184.31,6.5495,1095.473107
34.479,1015.85,21.623,1177.68,6.6495,1107.151646
34.699,1015.83,21.716,1177.64,6.7495,1117.194741
34.899,1015.83,21.81,1177.56,6.8495,1126.095454
35.109,1015.63,21.903,1177.4,6.9495,1135.064863
35.309,1003.45,21.997,1177.38,7.0495,1140.670077
35.479,1003.53,22.091,1170.87,7.1495,1147.140717
35.639,1003.17,22.184,1171.06,7.2495,1153.361794
35.839,1003.08,22.278,1170.59,7.3495,1159.484845
36.059,1002.94,22.371,1170.47,7.4495,1164.833881
36.279,991.26,22.465,1170.56,7.5495,1170.066769
36.479,991.2,22.559,1164.43,7.6495,1175.083174
36.669,991.01,22.652,1164.6,7.7495,1180.421523
36.839,990.86,22.746,1164.45,7.8495,1186.648977
37.039,990.74,22.855,1164.33,7.9495,1188.450969
37.269,979.35,22.949,1164.18,8.0495,1189.993473
37.479,979.33,23.042,1157.75,8.1495,1189.79293
37.699,978.95,23.136,1157.69,8.2495,1186.95533
37.879,979.2,23.229,1157.53,8.3495,1184.166473
38.049,979.06,23.323,1157.48,8.4495,1177.716459
38.269,967.44,23.417,1157.45,8.5495,1171.463298
38.429,967.6,23.51,1151,8.6495,1169.923741
38.619,966.94,23.604,1150.99,8.7495,1169.594701
38.789,967.31,23.697,1150.81,8.8495,1169.189417
38.969,966.92,23.791,1150.77,8.9495,1168.647292
39.159,958.11,23.885,1150.46,9.0495,1165.7812
39.349,957.89,23.994,1144.38,9.1495,1161.428168
39.539,957.94,24.087,1144.28,9.2495,910.1216058
39.709,957.96,24.181,1143.89,9.3495,762.2840436
39.909,958.03,24.275,1143.92,9.4495,774.7887054
,,24.368,1143.75,9.5495,788.0707318
,,24.477,1137.45,9.6495,803.1798486
,,24.571,1137.43,9.7495,835.4538269
,,24.665,1137.34,9.8495,869.8817542
,,24.758,1137.17,9.9495,883.6160529
,,24.852,1137.3,10.0495,895.7054895
,,24.945,1130.68,10.1495,906.7258838
,,25.039,1130.55,10.2495,917.5158105
,,25.133,1130.34,10.3495,925.3743274
,,25.226,1130.29,10.4495,964.5917255
,,25.32,1129.93,10.5495,966.0216119
,,25.429,1123.79,10.6495,973.5540222
,,25.523,1123.42,10.7495,980.2691858
,,25.616,1123.49,10.8495,986.0787445
,,25.71,1123.43,10.9495,991.2971899
,,25.803,1123.41,11.0495,994.9593231
,,25.897,1116.85,11.1495,998.824342
,,25.991,1116.75,11.2495,1002.040533
,,26.084,1116.6,11.3495,1004.870299
,,26.178,1116.79,11.4495,1006.717467
,,26.271,1116.32,11.5495,1010.014565
,,26.365,1110.11,11.6495,1014.189917
,,26.459,1110.06,11.7495,1018.355228
,,26.552,1109.86,11.8495,1021.36801
,,26.646,1109.85,11.9495,1024.649783
,,26.739,1109.66,12.0495,1027.966954
,,26.849,1103.41,12.1495,1031.223114
,,26.942,1103.2,12.2495,1034.74817
,,27.036,1103.21,12.3495,1037.216768
,,27.129,1102.96,12.4495,1040.548647
,,27.223,1102.73,12.5495,1043.88114
,,27.317,1096.18,12.6495,1047.230492
,,27.41,1096.18,12.7495,1050.250696
,,27.504,1095.51,12.8495,1052.937825
,,27.597,1096.02,12.9495,1055.396405
,,27.691,1095.92,13.0495,1057.674031
,,27.8,1089.35,13.1495,1059.757495
,,27.894,1089.26,13.2495,1061.631094
,,27.987,1089.36,13.3495,1063.399407
,,28.081,1089.11,13.4495,1053.345466
,,28.175,1088.98,13.5495,1072.586035
,,28.471,1080.04,13.6495,1076.369619
,,28.565,1079.75,13.7495,1077.480848
,,28.658,1079.67,13.8495,1078.347257
,,28.767,1079.72,13.9495,1079.042347
,,28.877,1079.61,14.0495,1079.565658
,,28.986,1072.79,14.1495,1079.773361
,,29.079,1072.7,14.2495,1079.923639
,,29.173,1072.38,14.3495,1080.049078
,,29.267,1072.26,14.4495,1080.008401
,,29.36,1072.05,14.5495,1079.881346
,,29.454,1065.97,14.6495,1079.580614
,,29.547,1065.73,14.7495,1079.265117
,,29.641,1065.9,14.8495,1078.809011
,,29.735,1065.56,14.9495,1078.212589
,,29.828,1065.11,15.0495,1077.58676
,,29.922,1059.23,15.1495,1076.977343
,,30.015,1059.28,15.2495,1104.770778
,,30.109,1059.11,15.3495,1115.210559
,,30.203,1058.96,15.4495,1114.540754
,,30.296,1058.76,15.5495,1113.467697
,,30.39,1052.91,15.6495,1112.199408
,,30.483,1052.81,15.7495,1109.032856
,,30.577,1052.34,15.8495,1106.530302
,,30.671,1052.33,15.9495,1104.166812
,,30.764,1052.08,16.0495,1102.154153
,,30.905,1045.87,16.1495,1104.052211
,,30.998,1045.63,16.2495,1099.236981
,,31.092,1045.58,16.3495,1096.055837
,,31.185,1045.42,16.4495,1094.032684
,,31.279,1045.08,16.5495,1092.733723
,,31.373,1039.19,16.6495,1093.727571
,,31.466,1039.28,16.7495,1096.373127
,,31.56,1039.14,16.8495,1093.543333
,,31.654,1039.03,16.9495,1091.608896
,,31.747,1038.61,17.0495,1090.39264
,,31.841,1032.68,17.1495,1088.304784
,,31.934,1032.94,17.2495,1100.24417
,,32.028,1032.52,17.3495,1099.68941
,,32.122,1032.54,17.4495,1097.717682
,,32.215,1032.16,17.5495,1095.854126
,,32.324,1026.6,17.6495,1093.812159
,,32.418,1026.54,17.7495,1092.113914
,,32.512,1026.27,17.8495,1090.426156
,,32.605,1026.22,17.9495,1088.742157
,,32.699,1026.21,18.0495,1087.079692
,,32.792,1020.23,18.1495,1085.505189
,,32.886,1020.1,18.2495,1084.029175
,,32.98,1020.12,18.3495,1082.702632
,,33.073,1019.98,18.4495,1081.552074
,,33.167,1019.8,18.5495,1081.266033
,,33.26,1014.32,18.6495,1080.269069
,,33.354,1014.18,18.7495,1078.646018
,,33.448,1013.55,18.8495,1077.015697
,,33.541,1014.05,18.9495,1075.415668
,,33.635,1013.62,19.0495,1073.885177
,,33.728,1007.96,19.1495,1072.345725
,,33.822,1007.8,19.2495,1070.797124
,,33.916,1007.82,19.3495,1069.297545
,,34.009,1007.71,19.4495,1067.757275
,,34.103,1007.27,19.5495,1066.318103
,,34.196,1002.11,19.6495,1064.847375
,,34.29,1001.94,19.7495,1063.3409
,,34.384,1001.46,19.8495,1061.942036
,,34.477,1001.51,19.9495,1060.52911
,,34.571,1001.33,20.0495,1059.09449
,,34.664,996.03,20.1495,1057.714092
,,34.758,996.02,20.2495,1056.326693
,,34.898,995.92,20.3495,1054.872377
,,34.992,995.49,20.4495,1053.373599
,,35.086,995.57,20.5495,1051.860673
,,35.179,989.5,20.6495,1050.325864
,,35.273,989.31,20.7495,1048.726913
,,35.366,989.2,20.8495,1047.213094
,,35.46,989.09,20.9495,1045.738334
,,35.554,988.58,21.0495,1044.299058
,,35.647,983.43,21.1495,1042.845533
,,35.741,983.33,21.2495,1041.414338
,,35.834,983.35,21.3495,1039.999792
,,35.928,983.09,21.4495,1038.576725
,,36.022,983.32,21.5495,1037.092488
,,36.131,977.82,21.6495,1035.677944
,,36.224,977.61,21.7495,1034.26761
,,36.318,977.49,21.8495,1032.86132
,,36.412,977.05,21.9495,1031.416302
,,36.505,977.19,22.0495,1029.972185
,,36.802,971.42,22.1495,1028.520912
,,36.895,971.28,22.2495,1027.032251
,,36.989,971,22.3495,1025.466918
,,37.082,970.74,22.4495,1023.894482
,,37.192,965.24,22.5495,1022.343729
,,37.285,965.41,22.6495,1020.850781
,,37.379,964.86,22.7495,1019.329615
,,37.472,964.75,22.8495,1017.896696
,,37.566,964.46,22.9495,1016.378568
,,37.675,959.47,23.0495,1014.898087
,,37.769,959.19,23.1495,1013.436053
,,37.862,959.15,23.2495,1012.004926
,,37.956,958.81,23.3495,1010.561008
,,38.05,958.56,23.4495,1009.170659
,,38.143,953.81,23.5495,1007.745258
,,38.237,953.62,23.6495,1006.362257
,,38.33,953.41,23.7495,1004.941895
,,38.424,953.38,23.8495,1003.547246
,,38.518,953.02,23.9495,1002.182886
,,38.627,948.94,24.0495,1000.770388
,,38.72,948.73,24.1495,999.4468677
,,38.814,948.32,24.2495,998.1752179
,,38.908,948.18,24.3495,996.8874805
,,39.001,948.12,24.4495,995.5825391
,,39.11,944.02,24.5495,994.3335242
,,39.204,944.04,24.6495,993.039613
,,39.298,943.98,24.7495,991.7926715
,,39.391,943.55,24.8495,990.4930811
,,39.485,943.47,24.9495,989.2992303
,,39.594,939.89,25.0495,988.0395154
,,39.688,939.86,25.1495,986.7993567
,,39.781,939.46,25.2495,985.522157
,,39.875,939.36,25.3495,984.270722
,,39.968,939.01,25.4495,983.0680066
,,40.078,936.04,25.5495,981.822666
,,40.171,936.1,25.6495,980.6110187
,,40.265,935.65,25.7495,979.3525525
,,40.358,935.41,25.8495,978.1006885
,,40.452,935.48,25.9495,976.8919653
,,40.546,932,26.0495,975.6629211
,,40.639,932.07,26.1495,974.4793494
,,40.733,931.82,26.2495,973.2615179
,,40.826,931.55,26.3495,972.0182739
,,40.92,931.63,26.4495,970.8158167
,,41.029,928.28,26.5495,969.6033313
,,41.123,928.31,26.6495,968.4092303
,,41.216,928.35,26.7495,967.2548413
,,41.31,927.9,26.8495,966.0180164
,,41.404,927.9,26.9495,964.8315332
,,41.513,924.81,27.0495,963.6582397
,,41.606,924.13,27.1495,962.4801208
,,41.7,924.4,27.2495,961.2581842
,,41.794,924.14,27.3495,960.0865948
,,41.887,924.27,27.4495,958.873515
,,41.996,920.71,27.5495,957.7284772
,,42.09,920.06,27.6495,956.5525195
,,42.184,920.39,27.7495,955.3449683
,,42.277,920.05,27.8495,954.1744342
,,42.371,920.11,27.9495,953.0568347
,,42.464,916.23,28.0495,951.8780365
,,42.558,915.78,28.1495,950.698161
,,42.652,915.97,28.2495,949.5062262
,,42.745,915.85,28.3495,948.330769
,,42.839,915.62,28.4495,947.1772223
,,42.948,911.64,28.5495,946.0513342
,,43.042,911.78,28.6495,944.8905194
,,43.135,911.45,28.7495,943.7128851
,,43.229,911.41,28.8495,942.5980267
,,43.322,911.13,28.9495,941.4316101
,,43.432,907.35,29.0495,940.271048
,,43.525,906.83,29.1495,939.1275952
,,43.619,907.01,29.2495,937.9793982
,,43.712,906.91,29.3495,936.8489221
,,43.806,906.64,29.4495,935.7199353
,,43.915,902.89,29.5495,934.5683057
,,44.009,902.66,29.6495,933.430144
,,44.102,902.61,29.7495,932.2826025
,,44.196,902.34,29.8495,931.1667505
,,44.29,902.31,29.9495,930.0142078
,,44.399,898.59,30.0495,928.9031201
,,44.492,898.4,30.1495,927.7782391
,,44.586,898.3,30.2495,926.639328
,,44.68,898.23,30.3495,925.5226343
,,44.773,897.71,30.4495,924.3969165
,,44.867,894.25,30.5495,923.2941144
,,44.96,894.1,30.6495,922.2094336
,,45.054,893.79,30.7495,921.0969287
,,45.148,893.89,30.8495,919.9676251
,,45.241,893.75,30.9495,918.8546185
,,45.35,889.96,31.0495,917.7153613
,,45.444,889.84,31.1495,916.576507
,,45.538,889.76,31.2495,915.5037256
,,45.834,887.1,31.3495,914.4322577
,,45.928,886.82,31.4495,913.3481781
,,46.021,886.65,31.5495,912.2268945
,,46.115,886.25,31.6495,911.1326093
,,46.224,882.5,31.7495,910.0720105
,,46.318,882.15,31.8495,908.9693005
,,46.411,882.23,31.9495,907.915722
,,46.505,881.82,32.0495,906.8332275
,,46.598,881.71,32.1495,905.7638544
,,46.692,881.33,32.2495,904.6766077
,,46.786,877.52,32.3495,903.6106445
,,46.879,877.33,32.4495,902.5544861
,,46.973,877.08,32.5495,901.4966614
,,47.066,876.66,32.6495,900.3888348
,,47.16,876.72,32.7495,899.3587421
,,47.254,876.24,32.8495,898.3112769
,,47.363,872.63,32.9495,897.2801166
,,47.456,872.58,33.0495,896.2056451
,,47.55,872.13,33.1495,895.1569293
,,47.644,871.99,33.2495,894.0770148
,,47.737,871.78,33.3495,893.0649121
,,47.831,871.51,33.4495,892.0101648
,,47.924,867.65,33.5495,890.956524
,,48.018,867.64,33.6495,889.941062
,,48.112,867.21,33.7495,888.8951105
,,48.205,867.23,33.8495,887.8679504
,,48.299,866.93,33.9495,886.8176459
,,48.392,866.7,34.0495,885.8147223
,,48.502,863.08,34.1495,884.7804669
,,48.595,862.87,34.2495,883.7667798
,,48.689,862.46,34.3495,882.7425531
,,48.782,862.32,34.4495,881.7657947
,,48.892,862.21,34.5495,880.7742633
,,48.985,861.94,34.6495,879.7751843
,,49.094,857.86,34.7495,878.7790491
,,49.188,857.84,34.8495,877.8216217
,,49.282,857.53,34.9495,876.8187085
,,49.375,857.3,35.0495,875.8870251
,,49.469,857.07,35.1495,874.9041736
,,49.562,857.1,35.2495,873.9033514
,,49.656,853.14,35.3495,872.9745093
,,49.75,853.14,35.4495,872.03505
,,49.843,852.78,35.5495,871.0720026
,,49.937,852.57,35.6495,870.1862976
,,50.03,852.29,35.7495,869.25638
,,50.124,852.2,35.8495,868.371413
,,50.233,848.36,35.9495,867.4985779
,,50.327,847.98,36.0495,866.5995886
,,50.42,847.86,36.1495,865.6982391
,,50.514,847.49,36.2495,864.8437939
,,50.608,847.79,36.3495,863.9914471
,,50.701,847.18,36.4495,863.1313983
,,50.795,843.2,36.5495,862.3173315
,,50.888,843.04,36.6495,861.4727563
,,50.982,842.94,36.7495,860.6737378
,,51.076,842.75,36.8495,859.8617603
,,51.169,842.64,36.9495,859.0745306
,,51.263,842.32,37.0495,858.2624683
,,51.372,838.29,37.1495,857.5216278
,,51.466,838.33,37.2495,856.761817
,,51.559,838.21,37.3495,856.0061902
,,51.653,838.1,37.4495,855.3361639
,,51.746,837.53,37.5495,854.7714026
,,51.84,837.7,37.6495,854.1543542
,,51.934,833.6,37.7495,853.5455157
,,52.027,833.45,37.8495,852.9095105
,,52.121,833.28,37.9495,852.2644043
,,52.214,833.14,38.0495,851.5310883
,,52.308,832.93,38.1495,850.8210242
,,52.402,832.55,38.2495,850.0957196
,,52.511,829.18,38.3495,849.361076
,,52.604,828.81,38.4495,848.6180756
,,52.698,828.7,38.5495,847.8545789
,,52.792,828.36,38.6495,847.0710413
,,52.885,828.5,38.7495,846.3223462
,,52.979,828.05,38.8495,845.5355957
,,53.275,823.75,38.9495,844.7710297
,,53.369,823.42,39.0495,843.9552112
,,53.462,823,39.1495,843.1466614
,,53.556,822.52,39.2495,842.315788
,,53.65,822.29,39.3495,841.5043213
,,53.774,818.81,39.4495,840.6903375
,,53.868,818.43,39.5495,839.8769403
,,53.962,818.11,39.6495,839.0196442
,,54.055,817.95,39.7495,838.1663007
,,54.149,817.71,39.8495,837.3463849
,,54.242,817.11,39.9495,836.4832501
,,54.336,817.01,40.0495,835.5979425
,,54.445,813.59,40.1495,834.7494421
,,54.539,813.37,40.2495,833.8594647
,,54.632,812.73,40.3495,832.9690814
,,54.726,812.59,40.4495,832.1478192
,,54.82,812.4,40.5495,831.2473956
,,54.913,812.05,40.6495,830.3775006
,,55.007,811.79,40.7495,829.4949652
,,55.132,808.25,40.8495,828.6227997
,,55.225,808.07,40.9495,827.7149414
,,55.319,807.7,41.0495,826.8395154
,,55.412,807.32,41.1495,825.98875
,,55.506,807.14,41.2495,825.1010406
,,55.6,806.84,41.3495,824.186983
,,55.693,806.45,41.4495,823.3096289
,,55.802,803.1,41.5495,822.4331213
,,55.896,802.79,41.6495,821.5418921
,,55.99,802.65,41.7495,820.6652063
,,56.083,802.58,41.8495,819.778421
,,56.177,802.16,41.9495,818.905835
,,56.27,801.51,42.0495,818.0215552
,,56.364,801.32,42.1495,817.1729486
,,56.473,798.03,42.2495,816.2887433
,,56.567,797.93,42.3495,815.4433429
,,56.66,797.49,42.4495,814.5772845
,,56.754,797.06,42.5495,813.7019342
,,56.863,796.96,42.6495,812.8505725
,,56.957,796.52,42.7495,812.0041705
,,57.05,796.28,42.8495,811.1314203
,,57.16,793.08,42.9495,810.2867474
,,57.253,792.71,43.0495,809.406488
,,57.347,792.57,43.1495,808.5826306
,,57.44,792.14,43.2495,807.7362109
,,57.534,791.81,43.3495,806.8515967
,,57.628,791.65,43.4495,806.0073462
,,57.721,791.1,43.5495,805.1517328
,,57.83,787.91,43.6495,804.3116748
,,57.924,787.62,43.7495,803.4681824
,,58.018,787.45,43.8495,802.5709338
,,58.111,787.07,43.9495,801.7281244
,,58.205,786.64,44.0495,800.8626337
,,58.298,786.47,44.1495,800.0216473
,,58.392,786.15,44.2495,799.1779114
,,58.501,782.71,44.3495,798.3088391
,,58.595,782.53,44.4495,797.4543958
,,58.688,782.24,44.5495,796.6302155
,,58.782,781.66,44.6495,795.7816254
,,58.876,781.58,44.7495,794.9274261
,,58.969,781.09,44.8495,794.1028271
,,59.063,781.09,44.9495,793.257746
,,59.188,778.03,45.0495,792.4857269
,,59.281,777.65,45.1495,791.6576208
,,59.375,777.22,45.2495,790.8563428
,,59.468,776.85,45.3495,790.0317474
,,59.562,776.64,45.4495,789.2690997
,,59.656,776.12,45.5495,788.4678229
,,59.749,775.65,45.6495,787.6859357
,,59.858,772.54,45.7495,786.9698407
,,59.952,772.39,45.8495,786.2431439
,,60.046,771.82,45.9495,785.5116595
,,60.139,771.68,46.0495,784.8255817
,,60.233,771.53,46.1495,784.1377539
,,60.326,770.94,46.2495,783.4887903
,,60.42,770.88,46.3495,782.8219421
,,60.748,767.04,46.4495,782.1693066
,,60.857,766.51,46.5495,781.5237598
,,60.95,766.27,46.6495,780.8645135
,,61.044,765.99,46.7495,780.1686578
,,61.138,765.28,46.8495,779.4077551
,,61.278,761.88,46.9495,778.6430133
,,61.372,761.38,47.0495,777.7214386
,,61.465,761.24,47.1495,776.7270642
,,61.559,760.85,47.2495,775.5925739
,,61.652,760.7,47.3495,774.4454578
,,61.746,759.82,47.4495,773.303858
,,61.84,759.6,47.5495,772.1723785
,,61.933,759.23,47.6495,771.097309
,,62.042,756.52,47.7495,770.0593024
,,62.136,756.15,47.8495,769.0407562
,,62.23,755.39,47.9495,768.0494617
,,62.323,755.11,48.0495,767.0660278
,,62.417,755.09,48.1495,766.1233801
,,62.51,754.83,48.2495,765.175744
,,62.604,754.13,48.3495,764.2803229
,,62.698,753.66,48.4495,763.3683014
,,62.838,749.92,48.5495,762.4879297
,,62.932,749.74,48.6495,761.6084821
,,63.025,749.58,48.7495,760.7514624
,,63.119,749.42,48.8495,759.8728607
,,63.212,748.97,48.9495,759.0716608
,,63.306,748.56,49.0495,758.2237427
,,63.4,748.04,49.1495,757.3637799
,,63.493,747.75,49.2495,756.5094226
,,63.602,745.13,49.3495,755.6900049
,,63.696,744.4,49.4495,754.8435907
,,63.79,744.17,49.5495,754.0484186
,,63.883,743.7,49.6495,753.2451208
,,63.977,743.09,49.7495,752.4206934
,,64.07,743.19,49.8495,751.6425732
,,64.164,742.54,49.9495,750.8001068
,,64.258,742.16,50.0495,750.0456329
,,64.367,739.22,50.1495,749.2848267
,,64.46,738.92,50.2495,748.4875049
,,64.554,738.55,50.3495,747.7508936
,,64.648,738.23,50.4495,747.0050537
,,,,50.5495,746.2082971
,,,,50.6495,745.4525232
,,,,50.7495,744.7051849
,,,,50.8495,743.9552179
,,,,50.9495,743.2485626
,,,,51.0495,742.4778546
,,,,51.1495,741.7587091
,,,,51.2495,741.0163824
,,,,51.3495,740.2497253
,,,,51.4495,739.5330554
,,,,51.5495,738.8036591
,,,,51.6495,738.0866003
,,,,51.7495,737.3464832
,,,,51.8495,736.5999982
,,,,51.9495,735.8321661
,,,,52.0495,735.1054834
,,,,52.1495,734.3968457
,,,,52.2495,733.6430609
,,,,52.3495,732.8810107
,,,,52.4495,732.1900085
,,,,52.5495,731.440517
,,,,52.6495,730.6991248
,,,,52.7495,729.960614
,,,,52.8495,729.2441669
,,,,52.9495,728.5079565
,,,,53.0495,727.7574347
,,,,53.1495,727.0051624
,,,,53.2495,726.277287
,,,,53.3495,725.5558472
,,,,53.4495,724.7903772
,,,,53.5495,724.0901599
,,,,53.6495,723.3537836
,,,,53.7495,722.6234381
,,,,53.8495,721.8785626
,,,,53.9495,721.1361407
,,,,54.0495,720.3984161
,,,,54.1495,719.6701416
,,,,54.2495,718.9346387
,,,,54.3495,718.2255847
,,,,54.4495,717.4601276
,,,,54.5495,716.7274811
,,,,54.6495,716.0158173
,,,,54.7495,715.2660913
,,,,54.8495,714.5269244
,,,,54.9495,713.8050104
,,,,55.0495,713.0743604
,,,,55.1495,712.3265381
,,,,55.2495,711.5969922
,,,,55.3495,710.868559
,,,,55.4495,710.1406824
,,,,55.5495,709.3904047
,,,,55.6495,708.66927
,,,,55.7495,707.918512
,,,,55.8495,707.2466522
,,,,55.9495,706.4999457
,,,,56.0495,705.7279736
,,,,56.1495,704.9980304
,,,,56.2495,704.2869971
,,,,56.3495,703.5522845
,,,,56.4495,702.8353009
,,,,56.5495,702.1064624
,,,,56.6495,701.3573718
,,,,56.7495,700.6534875
,,,,56.8495,699.9115472
,,,,56.9495,699.2116449
,,,,57.0495,698.4931458
,,,,57.1495,697.7749506
,,,,57.2495,697.0423962
,,,,57.3495,696.3074481
,,,,57.4495,695.6232831
,,,,57.5495,694.907865
,,,,57.6495,694.1810144
,,,,57.7495,693.4645099
,,,,57.8495,692.7514166
,,,,57.9495,692.0537262
,,,,58.0495,691.3597662
,,,,58.1495,690.6169659
,,,,58.2495,689.9547101
,,,,58.3495,689.2401813
,,,,58.4495,688.5281171
,,,,58.5495,687.8332172
,,,,58.6495,687.1412494
,,,,58.7495,686.4295001
,,,,58.8495,685.7587506
,,,,58.9495,685.0573273
,,,,59.0495,684.3779993
,,,,59.1495,683.6804816
,,,,59.2495,683.0010718
,,,,59.3495,682.3055316
,,,,59.4495,681.6304132
,,,,59.5495,680.959574
,,,,59.6495,680.2677747
,,,,59.7495,679.600755
,,,,59.8495,678.8937854
,,,,59.9495,678.2188977
,,,,60.0495,677.53797
,,,,60.1495,676.8762042
,,,,60.2495,676.1912396
,,,,60.3495,675.5262036
,,,,60.4495,674.8433014
,,,,60.5495,674.1630145
,,,,60.6495,673.5137238
,,,,60.7495,672.8374017
,,,,60.8495,672.1870673
,,,,60.9495,671.503053
,,,,61.0495,670.8414368
,,,,61.1495,670.1630652
,,,,61.2495,669.5042365
,,,,61.3495,668.8565332
,,,,61.4495,668.216853
,,,,61.5495,667.5405267
,,,,61.6495,666.8867126
,,,,61.7495,666.2339154
,,,,61.8495,665.5790527
,,,,61.9495,664.9004486
,,,,62.0495,664.2535376
,,,,62.1495,663.5719684
,,,,62.2495,662.9441321
,,,,62.3495,662.3088184
,,,,62.4495,661.6582483
,,,,62.5495,660.9638202
,,,,62.6495,660.3507526
,,,,62.7495,659.7158435
,,,,62.8495,659.0485077
,,,,62.9495,658.4364673
,,,,63.0495,657.7748541
,,,,63.1495,657.1293707
,,,,63.2495,656.4747632
,,,,63.3495,655.8601855
,,,,63.4495,655.2229651
,,,,63.5495,654.5571393
,,,,63.6495,653.9319891
,,,,63.7495,653.294303
,,,,63.8495,652.6479419
,,,,63.9495,652.0187421
,,,,64.0495,651.3918481
,,,,64.1495,650.7764008
,,,,64.2495,650.1355286
,,,,64.3495,649.5075232
,,,,64.4495,648.8750787
,,,,64.5495,648.2565332
,,,,64.6495,647.6363062
,,,,64.7495,646.9981226
,,,,64.8495,646.3562964
,,,,64.9495,645.7305298
,,,,65.0495,645.1255652
,,,,65.1495,644.4746765
,,,,65.2495,643.8821063
,,,,65.3495,643.2777795
,,,,65.4495,642.6345178
,,,,65.5495,642.0325769
,,,,65.6495,641.4036328
,,,,65.7495,640.7906543
,,,,65.8495,640.1704218
,,,,65.9495,639.5472632
,,,,66.0495,638.949613
,,,,66.1495,638.342829
,,,,66.2495,637.7226068
,,,,66.3495,637.1255011
,,,,66.4495,636.5017175
,,,,66.5495,635.9006561
,,,,66.6495,635.2875
,,,,66.7495,634.6658636
,,,,66.8495,634.0542255
,,,,66.9495,633.4516425
,,,,67.0495,632.8540009
,,,,67.1495,632.2442633
,,,,67.2495,631.6552679
,,,,67.3495,631.0393457
,,,,67.4495,630.429458
,,,,67.5495,629.8237842
,,,,67.6495,629.220647
,,,,67.7495,628.6221265
,,,,67.8495,628.0279651
,,,,67.9495,627.4395361
,,,,68.0495,626.849978
,,,,68.1495,626.2503418
,,,,68.2495,625.6650897
,,,,68.3495,625.0314465
,,,,68.4495,624.4117059
,,,,68.5495,623.8519434
,,,,68.6495,623.23547
,,,,68.7495,622.6583234
,,,,68.8495,622.0688525
,,,,68.9495,621.4695288
,,,,69.0495,620.8907861
,,,,69.1495,620.2833722
,,,,69.2495,619.7106555
,,,,69.3495,619.1231696
,,,,69.4495,618.5352814
,,,,69.5495,617.9615643
,,,,69.6495,617.3678735
,,,,69.7495,616.8145477
,,,,69.8495,616.210777
,,,,69.9495,615.6449237
,,,,70.0495,615.0223981
,,,,70.1495,614.4714679
,,,,70.2495,613.8597662
,,,,70.3495,613.3034143
,,,,70.4495,612.6952002
,,,,70.5495,612.1426727
,,,,70.6495,611.560119
,,,,70.7495,611.0034607
,,,,70.8495,610.4346637
,,,,70.9495,609.8829291
,,,,71.0495,609.26763
,,,,71.1495,608.7131287
,,,,71.2495,608.1602954
,,,,71.3495,607.5644635
,,,,71.4495,606.9905731
,,,,71.5495,606.4420233
,,,,71.6495,605.8621539
,,,,71.7495,605.2697668
,,,,71.8495,604.7075385
,,,,71.9495,604.1736926
,,,,72.0495,603.5958197
,,,,72.1495,603.0415424
,,,,72.2495,602.4797296
,,,,72.3495,601.927915
,,,,72.4495,601.3700824
,,,,72.5495,600.791427
,,,,72.6495,600.2564581
,,,,72.7495,599.6971851
,,,,72.8495,599.1568121
,,,,72.9495,598.5864075
,,,,73.0495,598.0189514
,,,,73.1495,597.4700842
,,,,73.2495,596.9186011
,,,,73.3495,596.3454034
,,,,73.4495,595.7955933
,,,,73.5495,595.2280615
,,,,73.6495,594.7012817
,,,,73.7495,594.1311139
,,,,73.8495,593.585592
,,,,73.9495,593.0481653
,,,,74.0495,592.4888812
,,,,74.1495,591.9543933
,,,,74.2495,591.4011609
,,,,74.3495,590.8526849
,,,,74.4495,590.2877844
,,,,74.5495,589.761947
,,,,74.6495,589.2108533
,,,,74.7495,588.664375
,,,,74.8495,588.1379907
,,,,74.9495,587.5919086
,,,,75.0495,587.0364398
,,,,75.1495,586.5159332
,,,,75.2495,585.9862177
,,,,75.3495,585.4653125
,,,,75.4495,584.9155756
,,,,75.5495,584.3646515
,,,,75.6495,583.8176093
,,,,75.7495,583.2492792
,,,,75.8495,582.7480035
,,,,75.9495,582.1694122
,,,,76.0495,581.6674969
,,,,76.1495,581.11745
,,,,76.2495,580.5766864
,,,,76.3495,580.0867767
,,,,76.4495,579.5405182
,,,,76.5495,579.0344714
,,,,76.6495,578.4967383
,,,,76.7495,577.9682074
,,,,76.8495,577.4581128
,,,,76.9495,576.9195752
,,,,77.0495,576.3965259
,,,,77.1495,575.8616522
,,,,77.2495,575.3552161
,,,,77.3495,574.8466272
,,,,77.4495,574.2851331
,,,,77.5495,573.7886237
,,,,77.6495,573.2728857
,,,,77.7495,572.7522339
,,,,77.8495,572.2501538
,,,,77.9495,571.7062909
,,,,78.0495,571.2082715
,,,,78.1495,570.6822107
,,,,78.2495,570.1745044
,,,,78.3495,569.6441492
,,,,78.4495,569.1557422
,,,,78.5495,568.6493066
,,,,78.6495,568.1767877
,,,,78.7495,567.6361847
,,,,78.8495,567.1202954
,,,,78.9495,566.6175934
,,,,79.0495,566.1099573
,,,,79.1495,565.6389551
,,,,79.2495,565.1075763
,,,,79.3495,564.6087531
,,,,79.4495,564.0598053
,,,,79.5495,563.5834808
,,,,79.6495,563.0935059
,,,,79.7495,562.5897583
,,,,79.8495,562.0884729
,,,,79.9495,561.5987231
,,,,80.0495,561.0988092
,,,,80.1495,560.6034888
,,,,80.2495,560.0784595
,,,,80.3495,559.6050629
,,,,80.4495,559.0995062
,,,,80.5495,558.5972809
,,,,80.6495,558.1192786
,,,,80.7495,557.6023517
,,,,80.8495,557.1314325
,,,,80.9495,556.6095752
,,,,81.0495,556.1406458
,,,,81.1495,555.6415192
,,,,81.2495,555.1539008
,,,,81.3495,554.656687
,,,,81.4495,554.1863184
,,,,81.5495,553.6895801
,,,,81.6495,553.1755859
,,,,81.7495,552.7008521
,,,,81.8495,552.1911627
,,,,81.9495,551.7029126
,,,,82.0495,551.231109
,,,,82.1495,550.7446063
,,,,82.2495,550.2608148
,,,,82.3495,549.7888647
,,,,82.4495,549.2902936
,,,,82.5495,548.815545
,,,,82.6495,548.3571027
,,,,82.7495,547.8664673
,,,,82.8495,547.3798169
,,,,82.9495,546.9002417
,,,,83.0495,546.4413873
,,,,83.1495,545.9267737
,,,,83.2495,545.4764166
,,,,83.3495,545.0037488
,,,,83.4495,544.5207538
,,,,83.5495,544.036087
,,,,83.6495,543.5723859
,,,,83.7495,543.075177
,,,,83.8495,542.5982996
,,,,83.9495,542.1058264
,,,,84.0495,541.6241882
,,,,84.1495,541.1330017
,,,,84.2495,540.6900482
,,,,84.3495,540.2058453
,,,,84.4495,539.7522559
,,,,84.5495,539.3042163
,,,,84.6495,538.8324274
,,,,84.7495,538.3546509
,,,,84.8495,537.8918402
,,,,84.9495,537.3978741
,,,,85.0495,536.947605
,,,,85.1495,536.480506
,,,,85.2495,536.0409607
,,,,85.3495,535.5570911
,,,,85.4495,535.0942688
,,,,85.5495,534.6161835
,,,,85.6495,534.1712402
,,,,85.7495,533.6989062
,,,,85.8495,533.2302008
,,,,85.9495,532.74362
,,,,86.0495,532.3071783
,,,,86.1495,531.8455493
,,,,86.2495,531.392345
,,,,86.3495,530.9416168
,,,,86.4495,530.4926105
,,,,86.5495,530.0292432
,,,,86.6495,529.5910571
,,,,86.7495,529.1569952
,,,,86.8495,528.6774982
,,,,86.9495,528.2429529
,,,,87.0495,527.7839502
,,,,87.1495,527.3140649
,,,,87.2495,526.8591138
,,,,87.3495,526.4096429
,,,,87.4495,525.9619238
,,,,87.5495,525.5029083
,,,,87.6495,525.07401
,,,,87.7495,524.6362311
,,,,87.8495,524.1752289
,,,,87.9495,523.7084503
,,,,88.0495,523.2594434
,,,,88.1495,522.8331067
,,,,88.2495,522.358053
,,,,88.3495,521.9356647
,,,,88.4495,521.5140924
,,,,88.5495,521.054762
,,,,88.6495,520.5959137
,,,,88.7495,520.1749689
,,,,88.8495,519.7242285
,,,,88.9495,519.3036157
,,,,89.0495,518.8420563
,,,,89.1495,518.3944965
,,,,89.2495,517.9748138
,,,,89.3495,517.5435339
,,,,89.4495,517.1129865
,,,,89.5495,516.6723309
,,,,89.6495,516.2182526
,,,,89.7495,515.7949182
,,,,89.8495,515.3650891
,,,,89.9495,514.9061591
,,,,90.0495,514.4832977
,,,,90.1495,514.0481256
,,,,90.2495,513.6349664
,,,,90.3495,513.1929706
,,,,90.4495,512.7766223
,,,,90.5495,512.32366
,,,,90.6495,511.8494797
,,,,90.7495,511.460477
,,,,90.8495,511.0259341
,,,,90.9495,510.5918002
,,,,91.0495,510.1689484
,,,,91.1495,509.7480042
,,,,91.2495,509.309733
,,,,91.3495,508.8768719
,,,,91.4495,508.4826218
,,,,91.5495,508.041499
,,,,91.6495,507.606091
,,,,91.7495,507.2013522
,,,,91.8495,506.757598
,,,,91.9495,506.3400635
,,,,92.0495,505.9235748
,,,,92.1495,505.5172485
,,,,92.2495,505.0800165
,,,,92.3495,504.6800406
,,,,92.4495,504.2578113
,,,,92.5495,503.8368692
,,,,92.6495,503.3970108
,,,,92.7495,503.0120587
,,,,92.8495,502.5920813
,,,,92.9495,502.1978256
,,,,93.0495,501.7756921
,,,,93.1495,501.3613318
,,,,93.2495,500.9694669
,,,,93.3495,500.5655109
,,,,93.4495,500.1278339
,,,,93.5495,499.7434274
,,,,93.6495,499.3151743
,,,,93.7495,498.9016098
,,,,93.8495,498.4986954
,,,,93.9495,498.0828891
,,,,94.0495,497.6744391
,,,,94.1495,497.2699258
,,,,94.2495,496.859809
,,,,94.3495,496.4377527
,,,,94.4495,496.0570178
,,,,94.5495,495.6173001
,,,,94.6495,495.2179599
,,,,94.7495,494.8268799
,,,,94.8495,494.4157996
,,,,94.9495,494.0261508
,,,,95.0495,493.6095654
,,,,95.1495,493.1999927
,,,,95.2495,492.7971585
,,,,95.3495,492.4190356
,,,,95.4495,491.9810712
,,,,95.5495,491.5909448
,,,,95.6495,491.1869003
,,,,95.7495,490.7775067
,,,,95.8495,490.3951517
,,,,95.9495,489.9792679
,,,,96.0495,489.5815414
,,,,96.1495,489.1966949
,,,,96.2495,488.7709003
,,,,96.3495,488.3793448
,,,,96.4495,487.9831464
,,,,96.5495,487.5950256
,,,,96.6495,487.2082581
,,,,96.7495,486.8299054
,,,,96.8495,486.4324219
,,,,96.9495,486.0363876
,,,,97.0495,485.628338
,,,,97.1495,485.2400641
,,,,97.2495,484.853222
,,,,97.3495,484.455264
,,,,97.4495,484.0420938
,,,,97.5495,483.6574973
,,,,97.6495,483.2777795
,,,,97.7495,482.9023111
,,,,97.8495,482.5159448
,,,,97.9495,482.1276675
,,,,98.0495,481.7448233
,,,,98.1495,481.3618982
,,,,98.2495,480.9596237
,,,,98.3495,480.5815833
,,,,98.4495,480.1857071
,,,,98.5495,479.8179044
,,,,98.6495,479.4243423
,,,,98.7495,479.0463931
,,,,98.8495,478.6538715
,,,,98.9495,478.2783899
,,,,99.0495,477.8810712
,,,,99.1495,477.5009479
,,,,99.2495,477.1399561
,,,,99.3495,476.7507086
,,,,99.4495,476.3821939
,,,,99.5495,475.9755975
,,,,99.6495,475.6114023
,,,,99.7495,475.2234399
,,,,99.8495,474.8410828
,,,,99.9495,474.4667264
,,,,100.0495,474.1120514
,,,,100.1495,473.7524963
,,,,100.2495,473.3628482
,,,,100.3495,472.9722479
,,,,100.4495,472.5983005
,,,,100.5495,472.2341705
,,,,100.6495,471.8459708
,,,,100.7495,471.4719446
,,,,100.8495,471.0820529
,,,,100.9495,470.7175378
,,,,101.0495,470.35022
,,,,101.1495,469.9741003
,,,,101.2495,469.6005469
,,,,101.3495,469.2437875
,,,,101.4495,468.8927017
,,,,101.5495,468.5187643
,,,,101.6495,468.1234351
,,,,101.7495,467.7693246
,,,,101.8495,467.4088062
,,,,101.9495,467.0403726
,,,,102.0495,466.6710498
,,,,102.1495,466.3034781
,,,,102.2495,465.9531281
,,,,102.3495,465.5686923
,,,,102.4495,465.1989655
,,,,102.5495,464.8511011
,,,,102.6495,464.477457
,,,,102.7495,464.1420679
,,,,102.8495,463.7883432
,,,,102.9495,463.401189
,,,,103.0495,463.0535535
,,,,103.1495,462.6731232
,,,,103.2495,462.3154791
,,,,103.3495,461.9548807
,,,,103.4495,461.5908426
,,,,103.5495,461.2227328
,,,,103.6495,460.8585345
,,,,103.7495,460.4959283
,,,,103.8495,460.1251083
,,,,103.9495,459.7977063
,,,,104.0495,459.4193427
,,,,104.1495,459.0436966
,,,,104.2495,458.7063922
,,,,104.3495,458.3398679
,,,,104.4495,457.9864734
,,,,104.5495,457.6342813
,,,,104.6495,457.2909708
,,,,104.7495,456.9253156
,,,,104.8495,456.5784958
,,,,104.9495,456.2322107
,,,,105.0495,455.87651
,,,,105.1495,455.5122989
,,,,105.2495,455.180271
,,,,105.3495,454.8093561
,,,,105.4495,454.4664355
,,,,105.5495,454.1238403
,,,,105.6495,453.7732452
,,,,105.7495,453.4043378
,,,,105.8495,453.0914896
,,,,105.9495,452.7427469
,,,,106.0495,452.3866385
,,,,106.1495,452.0745111
,,,,106.2495,451.7019989
,,,,106.3495,451.3524411
,,,,106.4495,450.9979959
,,,,106.5495,450.6484521
,,,,106.6495,450.2968155
,,,,106.7495,449.9583752
,,,,106.8495,449.6398633
,,,,106.9495,449.2922244
,,,,107.0495,448.9477075
,,,,107.1495,448.6083881
,,,,107.2495,448.267244
,,,,107.3495,447.9406567
,,,,107.4495,447.6010974
,,,,107.5495,447.2392218
,,,,107.6495,446.8943976
,,,,107.7495,446.5534787
,,,,107.8495,446.2220877
,,,,107.9495,445.8767538
,,,,108.0495,445.5530441
,,,,108.1495,445.2474188
,,,,108.2495,444.8704132
,,,,108.3495,444.5559055
,,,,108.4495,444.1944409
,,,,108.5495,443.8790381
,,,,108.6495,443.5320471
,,,,108.7495,443.1935269
,,,,108.8495,442.90366
,,,,108.9495,442.5456186
,,,,109.0495,442.2131851
,,,,109.1495,441.8601871
,,,,109.2495,441.5211972
,,,,109.3495,441.1843582
,,,,109.4495,440.8756021
,,,,109.5495,440.5463071
,,,,109.6495,440.207558
,,,,109.7495,439.8891187
,,,,109.8495,439.5529294
,,,,109.9495,439.2057584
,,,,110.0495,438.89405
,,,,110.1495,438.5752197
,,,,110.2495,438.249888
,,,,110.3495,437.9267432
,,,,110.4495,437.5822302
,,,,110.5495,437.2769937
,,,,110.6495,436.9413745
,,,,110.7495,436.6081375
,,,,110.8495,436.2713773
,,,,110.9495,435.9582278
,,,,111.0495,435.6265872
,,,,111.1495,435.3079977
,,,,111.2495,434.9599664
,,,,111.3495,434.6515414
,,,,111.4495,434.333819
,,,,111.5495,434.0256384
,,,,111.6495,433.7086435
,,,,111.7495,433.3875705
,,,,111.8495,433.0663397
,,,,111.9495,432.7350232
,,,,112.0495,432.4181949
,,,,112.1495,432.1028754
,,,,112.2495,431.7698685
,,,,112.3495,431.4465668
,,,,112.4495,431.1421332
,,,,112.5495,430.8069827
,,,,112.6495,430.4771094
,,,,112.7495,430.1823624
,,,,112.8495,429.8572855
,,,,112.9495,429.549819
,,,,113.0495,429.2390659
,,,,113.1495,428.9132712
,,,,113.2495,428.5975479
,,,,113.3495,428.3036868
,,,,113.4495,427.9574884
,,,,113.5495,427.6548184
,,,,113.6495,427.3553516
,,,,113.7495,427.0450156
,,,,113.8495,426.7389804
,,,,113.9495,426.4283743
,,,,114.0495,426.0860291
,,,,114.1495,425.7781479
,,,,114.2495,425.4685205
,,,,114.3495,425.1590411
,,,,114.4495,424.8790952
,,,,114.5495,424.5605862
,,,,114.6495,424.2504706
,,,,114.7495,423.9258029
,,,,114.8495,423.6291318
,,,,114.9495,423.3140604
,,,,115.0495,423.0026691
,,,,115.1495,422.6948752
,,,,115.2495,422.4012375
,,,,115.3495,422.0836157
,,,,115.4495,421.7649384
,,,,115.5495,421.4987601
,,,,115.6495,421.1842484
,,,,115.7495,420.8590857
,,,,115.8495,420.5523392
,,,,115.9495,420.2263821
,,,,116.0495,419.9123532
,,,,116.1495,419.5962335
,,,,116.2495,419.2874084
,,,,116.3495,418.980665
,,,,116.4495,418.6859143
,,,,116.5495,418.400282
,,,,116.6495,418.1064941
,,,,116.7495,417.8081302
,,,,116.8495,417.5097861
,,,,116.9495,417.1787143
,,,,117.0495,416.9026047
,,,,117.1495,416.5706467
,,,,117.2495,416.3083002
,,,,117.3495,416.0094788
,,,,117.4495,415.7083261
,,,,117.5495,415.406684
,,,,117.6495,415.0856921
,,,,117.7495,414.8072632
,,,,117.8495,414.4806769
,,,,117.9495,414.2037686
,,,,118.0495,413.9150183
,,,,118.1495,413.624743
,,,,118.2495,413.3203238
,,,,118.3495,413.0229291
,,,,118.4495,412.7351245
,,,,118.5495,412.4434189
,,,,118.6495,412.147247
,,,,118.7495,411.8371323
,,,,118.8495,411.5753384
,,,,118.9495,411.2664258
,,,,119.0495,410.9813565
,,,,119.1495,410.6800455
,,,,119.2495,410.3792999
,,,,119.3495,410.076955
,,,,119.4495,409.81172
,,,,119.5495,409.5141031
,,,,119.6495,409.2195856
,,,,119.7495,408.9506689
,,,,119.8495,408.6508054
,,,,119.9495,408.3663663
,,,,120.0495,408.0718604
,,,,120.1495,407.771275
,,,,120.2495,407.4874835
,,,,120.3495,407.2192886
,,,,120.4495,406.9153363
,,,,120.5495,406.6730914
,,,,120.6495,406.3597763
,,,,120.7495,406.0769336
,,,,120.8495,405.775957
,,,,120.9495,405.4927982
,,,,121.0495,405.2033267
,,,,121.1495,404.9256226
,,,,121.2495,404.6397537
,,,,121.3495,404.3361176
,,,,121.4495,404.0765829
,,,,121.5495,403.7954291
,,,,121.6495,403.5043555
,,,,121.7495,403.2347339
,,,,121.8495,402.9520694
,,,,121.9495,402.6730746
,,,,122.0495,402.3853641
,,,,122.1495,402.1047736
,,,,122.2495,401.8309875
,,,,122.3495,401.5512796
,,,,122.4495,401.2461154
,,,,122.5495,400.9756155
,,,,122.6495,400.7022278
,,,,122.7495,400.4380396
,,,,122.8495,400.1500217
,,,,122.9495,399.8902295
,,,,123.0495,399.617402
,,,,123.1495,399.3336066
,,,,123.2495,399.0558298
,,,,123.3495,398.7721094
,,,,123.4495,398.4844043
,,,,123.5495,398.1899008
,,,,123.6495,397.9492273
,,,,123.7495,397.6872003
,,,,123.8495,397.4050211
,,,,123.9495,397.1230603
,,,,124.0495,396.8441467
,,,,124.1495,396.5563663
,,,,124.2495,396.2932965
,,,,124.3495,396.0212674
,,,,124.4495,395.7539551
,,,,124.5495,395.4696146
,,,,124.6495,395.2096719
,,,,124.7495,394.9545221
,,,,124.8495,394.6685065
,,,,124.9495,394.4054242
,,,,125.0495,394.1278107
,,,,125.1495,393.8461591
,,,,125.2495,393.5915872
,,,,125.3495,393.3273193
,,,,125.4495,393.0460068
,,,,125.5495,392.7706113
,,,,125.6495,392.5121112
,,,,125.7495,392.2430527
,,,,125.8495,391.993024
,,,,125.9495,391.7033231
,,,,126.0495,391.4632971
,,,,126.1495,391.1911856
,,,,126.2495,390.9294778
,,,,126.3495,390.664007
,,,,126.4495,390.3707782
,,,,126.5495,390.099382
,,,,126.6495,389.8595184
,,,,126.7495,389.585329
,,,,126.8495,389.3082681
,,,,126.9495,389.0234412
,,,,127.0495,388.7817407
,,,,127.1495,388.5095453
,,,,127.2495,388.2609692
,,,,127.3495,387.9913318
,,,,127.4495,387.7564325
,,,,127.5495,387.4875922
,,,,127.6495,387.2118149
,,,,127.7495,386.9565863
,,,,127.8495,386.6803134
,,,,127.9495,386.4475723
,,,,128.0495,386.176272
,,,,128.1495,385.9141577
,,,,128.2495,385.6692566
,,,,128.3495,385.3793054
,,,,128.4495,385.1512796
,,,,128.5495,384.8810141
,,,,128.6495,384.6375577
,,,,128.7495,384.3826501
,,,,128.8495,384.0992566
,,,,128.9495,383.8483533
,,,,129.0495,383.5721594
,,,,129.1495,383.353743
,,,,129.2495,383.0746786
,,,,129.3495,382.8194385
,,,,129.4495,382.5438937
,,,,129.5495,382.2920267
,,,,129.6495,382.046084
,,,,129.7495,381.7779749
,,,,129.8495,381.5463544
,,,,129.9495,381.2815286
,,,,130.0495,381.030546
,,,,130.1495,380.7979584
,,,,130.2495,380.5344858
,,,,130.3495,380.2693451
,,,,130.4495,380.0150809
,,,,130.5495,379.75392
,,,,130.6495,379.4993427
,,,,130.7495,379.2009918
,,,,130.8495,378.9438431
,,,,130.9495,378.7175
,,,,131.0495,378.4477176
,,,,131.1495,378.2221774
,,,,131.2495,377.9582309
,,,,131.3495,377.6882849
,,,,131.4495,377.4424139
,,,,131.5495,377.2288788
,,,,131.6495,376.9544412
,,,,131.7495,376.7012906
,,,,131.8495,376.4662366
,,,,131.9495,376.1980432
,,,,132.0495,375.9497769
,,,,132.1495,375.6835175
,,,,132.2495,375.4640576
,,,,132.3495,375.2311444
,,,,132.4495,374.9788879
,,,,132.5495,374.7324564
,,,,132.6495,374.4790613
,,,,132.7495,374.2506467
,,,,132.8495,373.981897
,,,,132.9495,373.7377972
,,,,133.0495,373.491131
,,,,133.1495,373.2053351
,,,,133.2495,372.9909164
,,,,133.3495,372.7676291
,,,,133.4495,372.5037503
,,,,133.5495,372.2547675
,,,,133.6495,372.0437009
,,,,133.7495,371.7792737
,,,,133.8495,371.5412564
,,,,133.9495,371.2882678
,,,,134.0495,371.0512061
,,,,134.1495,370.8335074
,,,,134.2495,370.5744391
,,,,134.3495,370.3348163
,,,,134.4495,370.100386
,,,,134.5495,369.8500336
,,,,134.6495,369.5924939
,,,,134.7495,369.3345468
,,,,134.8495,369.1202039
,,,,134.9495,368.8765021
,,,,135.0495,368.6289651
,,,,135.1495,368.4072488
,,,,135.2495,368.1632346
,,,,135.3495,367.9132889
,,,,135.4495,367.6603055
,,,,135.5495,367.4439505
,,,,135.6495,367.1980923
,,,,135.7495,366.9595798
,,,,135.8495,366.728837
,,,,135.9495,366.4721738
,,,,136.0495,366.2515836
,,,,136.1495,366.0081973
,,,,136.2495,365.7757822
,,,,136.3495,365.5299976
,,,,136.4495,365.2997357
,,,,136.5495,365.0802798
,,,,136.6495,364.8304071
,,,,136.7495,364.5806937
,,,,136.8495,364.3629187
,,,,136.9495,364.1188879
,,,,137.0495,363.8995801
,,,,137.1495,363.6326804
,,,,137.2495,363.408894
,,,,137.3495,363.1845511
,,,,137.4495,362.9583032
,,,,137.5495,362.7121841
,,,,137.6495,362.4954562
,,,,137.7495,362.2495782
,,,,137.8495,362.0273309
,,,,137.9495,361.7843359
,,,,138.0495,361.5712781
,,,,138.1495,361.3483701
,,,,138.2495,361.1140332
,,,,138.3495,360.870957
,,,,138.4495,360.6469482
,,,,138.5495,360.3784271
,,,,138.6495,360.1819287
,,,,138.7495,359.9613443
,,,,138.8495,359.7253986
,,,,138.9495,359.4891397
,,,,139.0495,359.2620044
,,,,139.1495,359.0312592
,,,,139.2495,358.8113156
,,,,139.3495,358.5623367
,,,,139.4495,358.3370197
,,,,139.5495,358.1242966
,,,,139.6495,357.8687415
,,,,139.7495,357.6739182
,,,,139.8495,357.4247745
,,,,139.9495,357.2177057
,,,,140.0495,356.9690402
,,,,140.1495,356.742775
,,,,140.2495,356.5340421
,,,,140.3495,356.29793
,,,,140.4495,356.0707169
,,,,140.5495,355.8466898
,,,,140.6495,355.6237097
,,,,140.7495,355.3823245
,,,,140.8495,355.181098
,,,,140.9495,354.960918
,,,,141.0495,354.7368933
,,,,141.1495,354.5201639
,,,,141.2495,354.2687747
,,,,141.3495,354.0659485
,,,,141.4495,353.8524948
,,,,141.5495,353.6121454
,,,,141.6495,353.3906769
,,,,141.7495,353.1853796
,,,,141.8495,352.9404694
,,,,141.9495,352.711322
,,,,142.0495,352.5085904
,,,,142.1495,352.2736081
,,,,142.2495,352.05134
,,,,142.3495,351.8582022
,,,,142.4495,351.6052914
,,,,142.5495,351.3997543
,,,,142.6495,351.1705328
,,,,142.7495,350.9538742
,,,,142.8495,350.7336871
,,,,142.9495,350.5212561
,,,,143.0495,350.3180383
,,,,143.1495,350.0961807
,,,,143.2495,349.8647888
,,,,143.3495,349.6556635
,,,,143.4495,349.4345938
,,,,143.5495,349.2090482
,,,,143.6495,348.9868625
,,,,143.7495,348.7768365
,,,,143.8495,348.5471378
,,,,143.9495,348.3296832
,,,,144.0495,348.1127078
,,,,144.1495,347.9006055
,,,,144.2495,347.6853775
,,,,144.3495,347.4846396
,,,,144.4495,347.2825394
,,,,144.5495,347.046908
,,,,144.6495,346.8124173
,,,,144.7495,346.6035855
,,,,144.8495,346.4103644
,,,,144.9495,346.1808997
,,,,145.0495,345.9820874
,,,,145.1495,345.7468506
,,,,145.2495,345.5357996
,,,,145.3495,345.33914
,,,,145.4495,345.1302393
,,,,145.5495,344.8687759
,,,,145.6495,344.6997144
,,,,145.7495,344.4632901
,,,,145.8495,344.2566296
,,,,145.9495,344.0555682
,,,,146.0495,343.8464175
,,,,146.1495,343.6228027
,,,,146.2495,343.409339
,,,,146.3495,343.2134708
,,,,146.4495,343.0075369
,,,,146.5495,342.7912708
,,,,146.6495,342.570614
,,,,146.7495,342.3635507
,,,,146.8495,342.1502457
,,,,146.9495,341.9419165
,,,,147.0495,341.7237302
,,,,147.1495,341.5269913
,,,,147.2495,341.3272742
,,,,147.3495,341.0957458
,,,,147.4495,340.9025275
,,,,147.5495,340.6744299
,,,,147.6495,340.4879202
,,,,147.7495,340.2840686
,,,,147.8495,340.0847714
,,,,147.9495,339.8584128
,,,,148.0495,339.6559174
,,,,148.1495,339.4556573
,,,,148.2495,339.25108
,,,,148.3495,339.0244861
,,,,148.4495,338.8135068
,,,,148.5495,338.6228513
,,,,148.6495,338.4152338
,,,,148.7495,338.214574
,,,,148.8495,337.9951883
,,,,148.9495,337.7950143
,,,,149.0495,337.611777
,,,,149.1495,337.3996823
,,,,149.2495,337.1861426
,,,,149.3495,336.9861203
,,,,149.4495,336.7880252
,,,,149.5495,336.5844772
,,,,149.6495,336.3694977
,,,,149.7495,336.182756
,,,,149.8495,335.9864197
,,,,149.9495,335.7643185
,,,,150.0495,335.5805359
,,,,150.1495,335.3650775
,,,,150.2495,335.1614594
,,,,150.3495,334.9630331
,,,,150.4495,334.7512595
,,,,150.5495,334.5642825
,,,,150.6495,334.3509824
,,,,150.7495,334.1422406
,,,,150.8495,333.9658905
,,,,150.9495,333.7575562
,,,,151.0495,333.5597836
,,,,151.1495,333.3669562
,,,,151.2495,333.1532599
,,,,151.3495,332.9365134
,,,,151.4495,332.7526547
,,,,151.5495,332.5734299
,,,,151.6495,332.3567722
,,,,151.7495,332.1533786
,,,,151.8495,331.9552811
,,,,151.9495,331.7508728
,,,,152.0495,331.5545361
,,,,152.1495,331.3551416
,,,,152.2495,331.1533679
,,,,152.3495,330.9557474
,,,,152.4495,330.7526895
,,,,152.5495,330.5678619
,,,,152.6495,330.3816895
,,,,152.7495,330.1779071
,,,,152.8495,329.9692441
,,,,152.9495,329.7931458
,,,,153.0495,329.5885648
,,,,153.1495,329.3839798
,,,,153.2495,329.2147662
,,,,153.3495,328.9942603
,,,,153.4495,328.7796817
,,,,153.5495,328.5804666
,,,,153.6495,328.3836499
,,,,153.7495,328.1987503
,,,,153.8495,328.0180914
,,,,153.9495,327.8092679
,,,,154.0495,327.5935709
,,,,154.1495,327.4042719
,,,,154.2495,327.21953
,,,,154.3495,327.0179196
,,,,154.4495,326.8287631
,,,,154.5495,326.6568921
,,,,154.6495,326.473291
,,,,154.7495,326.2482303
,,,,154.8495,326.0747699
,,,,154.9495,325.8822729
,,,,155.0495,325.7000922
,,,,155.1495,325.5055997
,,,,155.2495,325.2994098
,,,,155.3495,325.113468
,,,,155.4495,324.9314456
,,,,155.5495,324.733913
,,,,155.6495,324.5420551
,,,,155.7495,324.3306732
,,,,155.8495,324.1565765
,,,,155.9495,323.9862332
,,,,156.0495,323.7864581
,,,,156.1495,323.5601132
,,,,156.2495,323.4192099
,,,,156.3495,323.2115945
,,,,156.4495,323.0214172
,,,,156.5495,322.8437201
,,,,156.6495,322.6427356
,,,,156.7495,322.4338373
,,,,156.8495,322.2524484
,,,,156.9495,322.0737137
,,,,157.0495,321.8514554
,,,,157.1495,321.711362
,,,,157.2495,321.4912689
,,,,157.3495,321.3225214
,,,,157.4495,321.1489142
,,,,157.5495,320.9511252
,,,,157.6495,320.7451917
,,,,157.7495,320.5902124
,,,,157.8495,320.3741861
,,,,157.9495,320.1871274
,,,,158.0495,320.0175845
,,,,158.1495,319.8355777
,,,,158.2495,319.62771
,,,,158.3495,319.4713831
,,,,158.4495,319.2827939
,,,,158.5495,319.0886963
,,,,158.6495,318.8977899
,,,,158.7495,318.7249014
,,,,158.8495,318.5347217
,,,,158.9495,318.3481351
,,,,159.0495,318.1644388
,,,,159.1495,317.9881757
,,,,159.2495,317.803847
,,,,159.3495,317.6135931
,,,,159.4495,317.4286865
,,,,159.5495,317.2556281
,,,,159.6495,317.0731271
,,,,159.7495,316.8831906
,,,,159.8495,316.7119754
,,,,159.9495,316.4970703
,,,,160.0495,316.3392987
,,,,160.1495,316.1423129
,,,,160.2495,315.9686108
,,,,160.3495,315.7985205
,,,,160.4495,315.6104086
,,,,160.5495,315.4267169
,,,,160.6495,315.2467752
,,,,160.7495,315.0593231
,,,,160.8495,314.8952982
,,,,160.9495,314.7240091
,,,,161.0495,314.5416724
,,,,161.1495,314.3534866
,,,,161.2495,314.1591562
,,,,161.3495,313.9848999
,,,,161.4495,313.7973605
,,,,161.5495,313.6390164
,,,,161.6495,313.4376361
,,,,161.7495,313.2605017
,,,,161.8495,313.0860901
,,,,161.9495,312.9003073
,,,,162.0495,312.7054034
,,,,162.1495,312.5572369
,,,,162.2495,312.3644086
,,,,162.3495,312.1828625
,,,,162.4495,312.0178125
,,,,162.5495,311.8444278
,,,,162.6495,311.6764114
,,,,162.7495,311.4692813
,,,,162.8495,311.3291077
,,,,162.9495,311.1128329
,,,,163.0495,310.9444266
,,,,163.1495,310.78073
,,,,163.2495,310.6004742
,,,,163.3495,310.4155734
,,,,163.4495,310.2520441
,,,,163.5495,310.0845767
,,,,163.6495,309.8971973
,,,,163.7495,309.7495822
,,,,163.8495,309.5395676
,,,,163.9495,309.3767493
,,,,164.0495,309.1944769
,,,,164.1495,309.0147168
,,,,164.2495,308.8386014
,,,,164.3495,308.6713174
,,,,164.4495,308.4990509
,,,,164.5495,308.3263919
,,,,164.6495,308.1283008
,,,,164.7495,307.9465958
,,,,164.8495,307.7845737
,,,,164.9495,307.6048892
,,,,165.0495,307.4463943
,,,,165.1495,307.269252
,,,,165.2495,307.1103525
,,,,165.3495,306.9337796
,,,,165.4495,306.7362335
,,,,165.5495,306.5794232
,,,,165.6495,306.3987701
,,,,165.7495,306.2306665
,,,,165.8495,306.0636081
,,,,165.9495,305.8723911
,,,,166.0495,305.718219
,,,,166.1495,305.5285062
,,,,166.2495,305.3863269
,,,,166.3495,305.1968851
,,,,166.4495,305.028223
,,,,166.5495,304.8589221
,,,,166.6495,304.6816327
,,,,166.7495,304.5226468
,,,,166.8495,304.3252722
,,,,166.9495,304.1510889
,,,,167.0495,303.9995587
,,,,167.1495,303.8463409
,,,,167.2495,303.6705652
,,,,167.3495,303.4887024
,,,,167.4495,303.3302084
,,,,167.5495,303.160907
,,,,167.6495,302.9908951
,,,,167.7495,302.8323169
,,,,167.8495,302.6549396
,,,,167.9495,302.4945132
,,,,168.0495,302.3179385
,,,,168.1495,302.1484149
,,,,168.2495,301.9789493
,,,,168.3495,301.8273358
,,,,168.4495,301.6359509
,,,,168.5495,301.4936221
,,,,168.6495,301.3179239
,,,,168.7495,301.1557336
,,,,168.8495,300.9929297
,,,,168.9495,300.8021066
,,,,169.0495,300.6448978
,,,,169.1495,300.4931955
,,,,169.2495,300.3299786
,,,,169.3495,300.1887689
,,,,169.4495,299.9950708
,,,,169.5495,299.8208923
,,,,169.6495,299.6832751
,,,,169.7495,299.5093375
,,,,169.8495,299.3075598
,,,,169.9495,299.1772958
,,,,170.0495,298.9914557
,,,,170.1495,298.8233499
,,,,170.2495,298.652619
,,,,170.3495,298.4973917
,,,,170.4495,298.3555353
,,,,170.5495,298.1889651
,,,,170.6495,298.0242282
,,,,170.7495,297.8204483
,,,,170.8495,297.6706638
,,,,170.9495,297.4964941
,,,,171.0495,297.3528693
,,,,171.1495,297.1759009
,,,,171.2495,297.0090799
,,,,171.3495,296.8199469
,,,,171.4495,296.6671219
,,,,171.5495,296.4966296
,,,,171.6495,296.3616531
,,,,171.7495,296.1984396
,,,,171.8495,296.0400281
,,,,171.9495,295.8772855
,,,,172.0495,295.7242352
,,,,172.1495,295.5546985
,,,,172.2495,295.3900253
,,,,172.3495,295.2188962
,,,,172.4495,295.0533627
,,,,172.5495,294.9039059
,,,,172.6495,294.723718
,,,,172.7495,294.5741061
,,,,172.8495,294.4139337
,,,,172.9495,294.25785
,,,,173.0495,294.1018921
,,,,173.1495,293.9345364
,,,,173.2495,293.7789063
,,,,173.3495,293.6142575
,,,,173.4495,293.4449588
,,,,173.5495,293.3034366
,,,,173.6495,293.1237317
,,,,173.7495,292.9959436
,,,,173.8495,292.812652
,,,,173.9495,292.6676917
,,,,174.0495,292.4899118
,,,,174.1495,292.3506879
,,,,174.2495,292.185386
,,,,174.3495,292.0288895
,,,,174.4495,291.8669556
,,,,174.5495,291.7275076
,,,,174.6495,291.5601233
,,,,174.7495,291.4008258
,,,,174.8495,291.2720056
,,,,174.9495,291.0914459
,,,,175.0495,290.943577
,,,,175.1495,290.7718823
,,,,175.2495,290.6125894
,,,,175.3495,290.4532016
,,,,175.4495,290.2921588
,,,,175.5495,290.142218
,,,,175.6495,289.9763644
,,,,175.7495,289.827789
,,,,175.8495,289.6830591
,,,,175.9495,289.535202
,,,,176.0495,289.3807739
,,,,176.1495,289.2195767
,,,,176.2495,289.0569113
,,,,176.3495,288.9107309
,,,,176.4495,288.7310284
,,,,176.5495,288.5851743
,,,,176.6495,288.4397308
,,,,176.7495,288.2913861
,,,,176.8495,288.1195309
,,,,176.9495,287.9563937
,,,,177.0495,287.8242944
,,,,177.1495,287.6582813
,,,,177.2495,287.5060294
,,,,177.3495,287.3612201
,,,,177.4495,287.2004895
,,,,177.5495,287.0555078
,,,,177.6495,286.8862854
,,,,177.7495,286.748761
,,,,177.8495,286.5884979
,,,,177.9495,286.4512848
,,,,178.0495,286.2925504
,,,,178.1495,286.120845
,,,,178.2495,285.9776416
,,,,178.3495,285.8331396
,,,,178.4495,285.6557736
,,,,178.5495,285.523432
,,,,178.6495,285.365488
,,,,178.7495,285.2206885
,,,,178.8495,285.088595
,,,,178.9495,284.9364935
,,,,179.0495,284.7899948
,,,,179.1495,284.6381332
,,,,179.2495,284.4822031
,,,,179.3495,284.3281088
,,,,179.4495,284.1816083
,,,,179.5495,283.999838
,,,,179.6495,283.8900677
,,,,179.7495,283.7423648
,,,,179.8495,283.5844388
,,,,179.9495,283.4536209
,,,,180.0495,283.2820929
,,,,180.1495,283.1547159
,,,,180.2495,282.9942041
,,,,180.3495,282.8472437
,,,,180.4495,282.6737015
,,,,180.5495,282.5160867
,,,,180.6495,282.3760703
,,,,180.7495,282.2301218
,,,,180.8495,282.0689111
,,,,180.9495,281.9249777
,,,,181.0495,281.7640018
,,,,181.1495,281.6226285
,,,,181.2495,281.4626163
,,,,181.3495,281.3409109
,,,,181.4495,281.1908279
,,,,181.5495,281.0558505
,,,,181.6495,280.9012732
,,,,181.7495,280.7344565
,,,,181.8495,280.607095
,,,,181.9495,280.4153033
,,,,182.0495,280.3003366
,,,,182.1495,280.1547897
,,,,182.2495,280.0149454
,,,,182.3495,279.8742126
,,,,182.4495,279.7127512
,,,,182.5495,279.5608157
,,,,182.6495,279.4443329
,,,,182.7495,279.2900858
,,,,182.8495,279.18134
,,,,182.9495,279.002681
,,,,183.0495,278.8454672
,,,,183.1495,278.6944971
,,,,183.2495,278.5680005
,,,,183.3495,278.4034216
,,,,183.4495,278.2655646
,,,,183.5495,278.1182755
,,,,183.6495,277.9996188
,,,,183.7495,277.8324896
,,,,183.8495,277.680621
,,,,183.9495,277.5604559
,,,,184.0495,277.4050769
,,,,184.1495,277.2629099
,,,,184.2495,277.1120123
,,,,184.3495,276.9834335
,,,,184.4495,276.8299008
,,,,184.5495,276.6934836
,,,,184.6495,276.5745197
,,,,184.7495,276.4161026
,,,,184.8495,276.2680005
,,,,184.9495,276.1163116
,,,,185.0495,275.9764459
,,,,185.1495,275.8511664
,,,,185.2495,275.7051392
,,,,185.3495,275.5680106
,,,,185.4495,275.4146301
,,,,185.5495,275.263978
,,,,185.6495,275.1333249
,,,,185.7495,274.9705917
,,,,185.8495,274.8293027
,,,,185.9495,274.696329
,,,,186.0495,274.5586304
,,,,186.1495,274.4196591
,,,,186.2495,274.3031592
,,,,186.3495,274.1332281
,,,,186.4495,273.9975278
,,,,186.5495,273.8704834
,,,,186.6495,273.7144513
,,,,186.7495,273.5687711
,,,,186.8495,273.4458731
,,,,186.9495,273.2800223
,,,,187.0495,273.1486395
,,,,187.1495,273.036955
,,,,187.2495,272.8762177
,,,,187.3495,272.743725
,,,,187.4495,272.6109863
,,,,187.5495,272.4812985
,,,,187.6495,272.3369586
,,,,187.7495,272.178548
,,,,187.8495,272.0421268
,,,,187.9495,271.9195587
,,,,188.0495,271.7686591
,,,,188.1495,271.6201666
,,,,188.2495,271.3295096
,,,,188.3495,271.1253152
,,,,188.4495,270.9703409
,,,,188.5495,270.8478439
,,,,188.6495,270.6915915
,,,,188.7495,270.53797
,,,,188.8495,270.4101257
,,,,188.9495,270.3086011
,,,,189.0495,270.1590619
,,,,189.1495,270.005603
,,,,189.2495,269.859108
,,,,189.3495,269.7565338
,,,,189.4495,269.582037
,,,,189.5495,269.4701886
,,,,189.6495,269.3271368
,,,,189.7495,269.1894333
,,,,189.8495,269.0611832
,,,,189.9495,268.9205353
,,,,190.0495,268.7978864
,,,,190.1495,268.658588
,,,,190.2495,268.5244882
,,,,190.3495,268.3753635
,,,,190.4495,268.2274994
,,,,190.5495,268.0886844
,,,,190.6495,267.9714044
,,,,190.7495,267.8564929
,,,,190.8495,267.7020859
,,,,190.9495,267.5787177
,,,,191.0495,267.4347879
,,,,191.1495,267.3027643
,,,,191.2495,267.188432
,,,,191.3495,267.0289023
,,,,191.4495,266.8749603
,,,,191.5495,266.7714331
,,,,191.6495,266.618616
,,,,191.7495,266.4842017
,,,,191.8495,266.3573962
,,,,191.9495,266.2272183
,,,,192.0495,266.0924863
,,,,192.1495,265.9575085
,,,,192.2495,265.7993301
,,,,192.3495,265.713244
,,,,192.4495,265.5518002
,,,,192.5495,265.4225842
,,,,192.6495,265.3011234
,,,,192.7495,265.1919113
,,,,192.8495,265.0379785
,,,,192.9495,264.8950058
,,,,193.0495,264.7535565
,,,,193.1495,264.6179413
,,,,193.2495,264.500885
,,,,193.3495,264.3729486
,,,,193.4495,264.2371707
,,,,193.5495,264.0791623
,,,,193.6495,263.9767471
,,,,193.7495,263.8497791
,,,,193.8495,263.6916705
,,,,193.9495,263.5836673
,,,,194.0495,263.4401398
,,,,194.1495,263.3199615
,,,,194.2495,263.1815457
,,,,194.3495,263.0532886
,,,,194.4495,262.9375244
,,,,194.5495,262.7907928
,,,,194.6495,262.6715726
,,,,194.7495,262.5422034
,,,,194.8495,262.3975546
,,,,194.9495,262.289292
,,,,195.0495,262.1709628
,,,,195.1495,262.0383099
,,,,195.2495,261.9009369
,,,,195.3495,261.7856476
,,,,195.4495,261.6334732
,,,,195.5495,261.5132138
,,,,195.6495,261.3791293
,,,,195.7495,261.2399142
,,,,195.8495,261.1026044
,,,,195.9495,260.9956424
,,,,196.0495,260.8556351
,,,,196.1495,260.7175314
,,,,196.2495,260.611839
,,,,196.3495,260.4639148
,,,,196.4495,260.3244516
,,,,196.5495,260.1900394
,,,,196.6495,260.064751
,,,,196.7495,259.952739
,,,,196.8495,259.8354456
,,,,196.9495,259.7031937
,,,,197.0495,259.5940573
,,,,197.1495,259.462608
,,,,197.2495,259.3097192
,,,,197.3495,259.2081937
,,,,197.4495,259.0716873
,,,,197.5495,258.9557504
,,,,197.6495,258.807821
,,,,197.7495,258.7041248
,,,,197.8495,258.5565143
,,,,197.9495,258.4425809
,,,,198.0495,258.3280008
,,,,198.1495,258.2018488
,,,,198.2495,258.0643146
,,,,198.3495,257.9433316
,,,,198.4495,257.8241278
,,,,198.5495,257.6882037
,,,,198.6495,257.5582544
,,,,198.7495,257.433605
,,,,198.8495,257.304549
,,,,198.9495,257.1744534
,,,,199.0495,257.0264417
,,,,199.1495,256.9083472
,,,,199.2495,256.7684915
,,,,199.3495,256.6334305
,,,,199.4495,256.5168594
,,,,199.5495,256.3870813
,,,,199.6495,256.2633237
,,,,199.7495,256.105148
,,,,199.8495,255.9810527
,,,,199.9495,255.8845634
